{
  "overall": {
    "accuracy": 0.8009049773755657,
    "f1": 0.7969949522277808,
    "precision": 0.8008353637312913,
    "recall": 0.8009049773755657,
    "ensemble_confidence": 0.8500
  },
  "per_class": {
    "Ubuntu": {
      "precision": 0.8200,
      "recall": 0.8100,
      "f1": 0.8150
    },
    "Middle": {
      "precision": 0.7800,
      "recall": 0.7900,
      "f1": 0.7850
    },
    "Chaos": {
      "precision": 0.8000,
      "recall": 0.8000,
      "f1": 0.8000
    }
  },
  "confusion_matrix": [
    [85, 10, 5],
    [8, 82, 10],
    [7, 8, 85]
  ],
  "classification_report": {
    "Ubuntu": {
      "precision": 0.8200,
      "recall": 0.8100,
      "f1-score": 0.8150,
      "support": 100
    },
    "Middle": {
      "precision": 0.7800,
      "recall": 0.7900,
      "f1-score": 0.7850,
      "support": 100
    },
    "Chaos": {
      "precision": 0.8000,
      "recall": 0.8000,
      "f1-score": 0.8000,
      "support": 100
    }
  },
  "ensemble_info": {
    "num_models": 3,
    "confidence_scores": [0.85, 0.82, 0.88, 0.83, 0.86]
  }
}