{
  "overall": {
    "accuracy": 0.6931818181818182,
    "f1": 0.691347759405732,
    "precision": 0.7026908652924913,
    "recall": 0.6931818181818182
  },
  "per_class": {
    "Ubuntu": {
      "precision": 0.6419753086419753,
      "recall": 0.8125,
      "f1": 0.7172413793103448
    },
    "Middle": {
      "precision": 0.6341463414634146,
      "recall": 0.5416666666666666,
      "f1": 0.5842696629213483
    },
    "Chaos": {
      "precision": 0.8148148148148148,
      "recall": 0.6875,
      "f1": 0.7457627118644068
    }
  },
  "confusion_matrix": [
    [
      52,
      8,
      4
    ],
    [
      16,
      26,
      6
    ],
    [
      13,
      7,
      44
    ]
  ],
  "classification_report": {
    "Ubuntu": {
      "precision": 0.6419753086419753,
      "recall": 0.8125,
      "f1-score": 0.7172413793103448,
      "support": 64.0
    },
    "Middle": {
      "precision": 0.6341463414634146,
      "recall": 0.5416666666666666,
      "f1-score": 0.5842696629213483,
      "support": 48.0
    },
    "Chaos": {
      "precision": 0.8148148148148148,
      "recall": 0.6875,
      "f1-score": 0.7457627118644068,
      "support": 64.0
    },
    "accuracy": 0.6931818181818182,
    "macro avg": {
      "precision": 0.6969788216400682,
      "recall": 0.6805555555555555,
      "f1-score": 0.6824245846986999,
      "support": 176.0
    },
    "weighted avg": {
      "precision": 0.7026908652924913,
      "recall": 0.6931818181818182,
      "f1-score": 0.691347759405732,
      "support": 176.0
    }
  }
}